"Condition","Ploidy","Area","cell_top5_mean_area"
"PM","2N",3092.028,9.805
"PM","2N",4465.374,13.853
"PM","2N",2645.917,9.261
"PM","2N",1454.114,12.756
"PM","2N",1287.239,11.869
"PM","2N",2274.917,10.827
"PM","2N",720.746,7.361
"PM","2N",1129.671,11.321
"PM","2N",2159.158,10.544
"PM","2N",2886.426,10.13
"PM","2N",2284.731,10.996
"PM","2N",173.649,9.121
"PM","2N",1372.966,11.072
"PM","2N",1242.856,10.725
"PM","2N",460.315,9.729
"PM","2N",1218.754,9.531
"PM","2N",3100.744,11.451
"PM","2N",1628.354,11.705
"PM","2N",1269.574,11.743
"PM","2N",2319.575,11.477
"PM","2N",2636.23,11.7
"PM","2N",3200.4,13.169
"PM","2N",3195.736,11.717
"PM","2N",3503.401,11.418
"PM","2N",2232.096,12.017
"PM","2N",2639.438,13.009
"PM","2N",2908.164,13.84
"PM","2N",3543.436,12.414
"PM","2N",836.105,8.822
"PM","2N",866.453,10.181
"PM","2N",3695.58,10.025
"PM","2N",4327.096,11.658
"PM","2N",2496.686,11.565
"PM","2N",3147.47,12.258
"PM","2N",2927.475,10.299
"PM","2N",2993.131,10.413
"PM","2N",2475.074,8.784
"PM","2N",1569.767,10.443
"PM","2N",3526.806,11.147
"PM","2N",2459.963,11.62
"PM","2N",1182.222,10.54
"PM","2N",2772.629,9.286
"PM","2N",3695.77,9.193
"PM","2N",1171.416,12.41
"PM","2N",3764.677,10.586
"PM","2N",3528.051,14.938
"PM","2N",2317.274,8.729
"PM","2N",2645.664,11.958
"PM","2N",3446.734,12.405
"PM","2N",2539.444,10.118
"PM","2N",2006.044,11.667
"PM","2N",2092.256,12.418
"PM","2N",1874.013,9.797
"PM","2N",3399.882,10.683
"PM","2N",2833.284,12.899
"PM","2N",3869.968,13.811
"PM","2N",2810.175,12.127
"PM","2N",3987.859,13.271
"PM","2N",2620.718,11.342
"PM","2N",2793.502,11.979
"PM","2N",4185.905,12.135
"PM","2N",2322.002,10.654
"PM","2N",611.656,10.029
"PM","2N",2466.738,10.261
"PM","2N",2245.497,10.671
"PM","2N",1118.464,9.037
"PM","2N",2911.73,13.693
"PM","2N",3574.861,12.135
"PM","2N",1907.252,12.152
"PM","2N",1046.962,11.705
"PM","2N",2494.681,9.809
"PM","2N",2928.065,9.721
"PM","2N",3099.647,14.887
"PM","2N",3183.285,11.802
"PM","2N",4862.817,12.135
"PM","2N",2158.989,9.32
"PM","2N",1172.872,11.177
"PM","2N",2353.406,10.497
"PM","2N",2995.453,12.161
"PM","2N",1643.338,12.929
"PM","2N",2247.27,10.928
"PM","2N",3612.85,10.54
"PM","2N",2053.888,9.172
"PM","2N",1054.665,9.379
"PM","2N",3076.748,8.412
"PM","2N",2159.39,12.705
"PM","2N",2310.627,11.548
"PM","2N",2466.654,11.586
"PM","2N",3921.717,13.566
"PM","2N",2182.183,9.687
"PM","2N",2500.738,10.329
"PM","2N",2829.274,11.202
"PM","2N",2048.886,10.848
"PM","2N",2308.622,9.56
"PM","2N",2454.856,10.768
"PM","2N",3397.518,11.941
"PM","2N",5458.708,9.316
"PM","2N",935.508,9.679
"PM","2N",5322.858,11.696
"PM","2N",2541.955,10.991
"PM","2N",2703.976,10.012
"PM","2N",2584.587,11.443
"PM","2N",1806.456,11.924
"PM","2N",2839.679,12.139
"PM","2N",3071.556,13.043
"PM","2N",3182.208,11.561
"PM","2N",3158.782,12.093
"PM","2N",4173.855,10.822
"PM","2N",3686.315,10.308
"PM","2N",3227.794,11.105
"PM","2N",3181.66,11.498
"PM","2N",2182.247,11.418
"PM","2N",4383.34,12.199
"PM","2N",2462.179,11.435
"PM","2N",3988.45,10.759
"PM","2N",3273.993,9.717
"PM","2N",3296.997,8.632
"PM","2N",3517.541,12.811
"PM","2N",1966.008,9.105
"PM","2N",2097.153,8.476
"PM","2N",3145.212,12.199
"PM","2N",3277.2,11.992
"PM","2N",1113.843,9.923
"PM","2N",1972.74,13.136
"PM","2N",3389.161,10.818
"PM","2N",3442.007,14.845
"PM","2N",1398.376,7.999
"PM","2N",2229.352,10.096
"PM","2N",2655.73,11.409
"PM","2N",3705.288,11.895
"PM","2N",3226.613,15.588
"PM","2N",776.927,9.227
"PM","2N",1954.991,15.001
"PM","2N",922.064,10.578
"PM","2N",1603.45,11.042
"PM","2N",2416.699,12.469
"PM","2N",898.659,7.315
"PM","2N",2716.892,11.937
"PM","2N",3271.988,11.325
"PM","2N",2317.274,10.244
"PM","2N",2933.7,10.358
"PM","2N",2732.172,12.346
"PM","2N",2649.23,11.641
"PM","2N",2178.743,9.248
"PM","2N",1829.524,11.726
"PM","2N",1465.721,10.261
"PM","2N",2129.844,12.984
"PM","2N",959.926,10.105
"PM","2N",2307.566,9.915
"PM","2N",2050.469,10.578
"PM","2N",2540.056,9.096
"PM","2N",678.474,7.796
"PM","2N",3210.299,10.569
"PM","2N",2433.519,12.068
"PM","2N",3033.694,11.11
"PM","2N",3735.362,11.519
"PM","2N",2799.137,12.452
"PM","2N",1556.978,11.51
"PM","2N",2205.546,10.979
"PM","2N",3245.586,10.51
"PM","2N",2616.244,10.476
"PM","2N",1934.266,10.759
"PM","2N",107.465,16.322
"PM","2N",2158.251,11.996
"PM","2N",3161.8,10.717
"PM","2N",104.173,14.008
"PM","2N",2475.876,9.358
"PM","2N",2291.632,9.784
"PM","2N",3034.349,11.519
"PM","2N",2485.584,12.925
"PM","2N",2759.038,13.891
"PM","2N",4223.451,12.773
"PM","2N",1985.255,11.633
"PM","2N",2634.288,11.291
"PM","2N",1224.051,11.574
"PM","2N",3059.632,9.7
"PM","2N",3006.533,11.473
"PM","2N",3245.1,11.62
"PM","2N",774.057,7.906
"PM","2N",2555.019,10.147
"PM","2N",2866.82,10.607
"PM","2N",2735.084,10.953
"PM","2N",2370.479,12.511
"PM","2N",2894.319,8.619
"PM","2N",2845.842,15.525
"PM","2N",2594.421,10.464
"PM","2N",3046.378,11.384
"PM","2N",3418.032,12.253
"PM","2N",2434.511,12.165
"PM","2N",3086.203,9.666
"PM","2N",2366.427,11.088
"PM","2N",1551.87,9.902
"PM","2N",1496.175,9.94
"PM","2N",2855.064,10.519
"PM","2N",2521.673,9.121
"PM","2N",2867.98,10.172
"PM","2N",3220.218,10.793
"PM","2N",767.62,8.526
"PM","2N",2701.802,10.991
"PM","2N",2027.802,9.936
"PM","2N",2170.639,8.733
"PM","2N",2531.593,8.965
"PM","2N",2261.917,10.24
"PM","2N",2902.782,8.476
"PM","2N",3039.055,9.295
"PM","2N",2792.13,14.347
"PM","2N",1347.915,11.135
"PM","2N",2689.941,10.417
"PM","2N",2302.037,9.501
"PM","2N",2803.442,8.581
"PM","2N",2773.832,10.531
"PM","2N",1537.709,10.459
"PM","2N",2599.719,9.721
"PM","2N",3372.383,9.89
"PM","2N",3987.226,12.047
"PM","2N",781,9.476
"PM","2N",2613.584,9.586
"PM","2N",2587.098,11.814
"PM","2N",3292.248,13.621
"PM","2N",2640.029,8.72
"PM","2N",3158.888,9.915
"PM","2N",2248.178,10.907
"PM","2N",4295.291,11.346
"PM","2N",3313.247,11.734
"PM","2N",3043.487,10.506
"PM","2N",2712.523,12.54
"PM","2N",2845.736,10.814
"PM","2N",2369.825,10.822
"PM","2N",2459.626,11.827
"PM","2N",2638.593,10.755
"PM","2N",2830.541,8.239
"PM","2N",3806.971,12.726
"PM","2N",2726.832,11.034
"PM","2N",1229.496,10.839
"PM","2N",2851.287,14.697
"PM","2N",2349.987,9.784
"PM","2N",3185.184,11.202
"PM","2N",2211.477,11.865
"PM","2N",2472.014,11.65
"PM","2N",2043.779,9.484
"PM","2N",3431.835,11.667
"PM","2N",878.272,11.802
"PM","2N",3268.273,11.515
"PM","2N",1470.153,13.026
"PM","2N",1922.152,9.771
"PM","2N",3035.151,9.911
"PM","2N",2849.071,10.924
"PM","2N",1237.769,10.86
"PM","2N",740.268,8.771
"PM","2N",2991.907,16.981
"PM","2N",2357.922,8.742
"PM","2N",2271.646,10.671
"PM","2N",2553.183,10.641
"PM","2N",2151.096,9.708
"PM","2N",1152.401,12.063
"PM","2N",1304.481,9.138
"PM","2N",1920.422,10.232
"PM","2N",2119.165,10.08
"PM","2N",316.908,7.623
"PM","2N",3108.152,10.573
"PM","2N",1729.129,11.924
"PM","2N",3095.51,10.865
"PM","2N",2266.623,11.637
"PM","2N",3139.914,10.156
"PM","2N",955.093,12.186
"PM","2N",2888.283,9.354
"PM","2N",1707.37,10.654
"PM","2N",1177.621,8.915
"PM","2N",2425.098,9.869
"PM","2N",2662.252,10.464
"PM","2N",2992.899,10.316
"PM","2N",3159.352,11.852
"PM","2N",2915.128,10.603
"PM","2N",4160.432,12.684
"PM","2N",2813.045,12.101
"PM","2N",1350.342,10.421
"PM","2N",3874.147,9.539
"PM","2N",3009.255,9.442
"PM","2N",1301.717,9.041
"PM","2N",4064.258,12.118
"PM","2N",2488.961,11.928
"PM","2N",1864.199,11.924
"PM","2N",4089.309,11.321
"PM","2N",2956.05,11.426
"PM","2N",1835.813,9.307
"PM","2N",2511.1,10.886
"PM","2N",2226.946,11.249
"PM","2N",3698.197,12.95
"PM","2N",2167.178,9.864
"PM","2N",3260.148,13.427
"PM","2N",2941.277,11.304
"PM","2N",1417.645,11.553
"PM","2N",1953.725,10.59
"PM","2N",654.689,7.872
"PM","2N",1063.508,9.902
"PM","2N",1667.609,11.363
"PM","2N",3222.159,13.098
"PM","2N",663.046,8.868
"PM","2N",2489.615,11.722
"PM","2N",2573.401,9.396
"PM","2N",3291.467,8.644
"PM","2N",3606.202,10.801
"PM","2N",2901.41,11.097
"PM","2N",2504.663,8.708
"PM","2N",3602.951,11.971
"PM","2N",2674.661,10.924
"PM","2N",3121.152,11.021
"PM","2N",1203.917,9.928
"PM","2N",3464.209,11.869
"PM","2N",3570.471,12.422
"PM","2N",2337.514,10.202
"PM","2N",2582.181,12.3
"PM","2N",3766.133,14.043
"PM","2N",2505.402,13.38
"PM","2N",2373.413,11.447
"PM","2N",2016.955,8.999
"PM","2N",2100.614,9.607
"PM","2N",2008.407,9.337
"PM","2N",3477.273,11.793
"PM","2N",3157.284,12.418
"PM","2N",2428.918,9.856
"PM","2N",2772.904,9.809
"PM","2N",2718.01,12.283
"PM","2N",2569.539,9.793
"PM","2N",3113.027,11.004
"PM","2N",3611.752,11.734
"PM","2N",1795.376,9.632
"PM","2N",2166.017,10.658
"PM","2N",2045.509,10.219
"PM","2N",3311.812,10.295
"PM","2N",1148.581,11
"PM","2N",3292.586,9.535
"PM","2N",3108.553,8.932
"PM","2N",3713.941,11.722
"PM","2N",2866.292,9.649
"PM","2N",2973.652,8.936
"PM","2N",2058.995,11.012
"PM","2N",3326.459,10.227
"PM","2N",912.187,10.126
"PM","2N",2378.478,9.898
"PM","2N",2346.483,11.337
"PM","2N",2573.612,12.359
"PM","2N",2711.637,11.202
"PM","4N",5958.552,23.671
"PM","4N",1437.166,17.107
"PM","4N",4268.34,15.406
"PM","4N",4993.878,20.712
"PM","4N",8630.364,16.504
"PM","4N",4663.188,17.188
"PM","4N",6418.74,16.073
"PM","4N",3909.856,22.341
"PM","4N",9588.328,20.417
"PM","4N",5568.685,16.078
"PM","4N",5232.128,16.571
"PM","4N",4113.347,19.066
"PM","4N",5779.268,15.871
"PM","4N",5680.688,19.138
"PM","4N",4509.757,20.155
"PM","4N",1463.991,17.255
"PM","4N",982.339,19.311
"PM","4N",6220.736,19.665
"PM","4N",8020.797,19.623
"PM","4N",1640.046,16.491
"PM","4N",2926.82,15.761
"PM","4N",6143.682,18.851
"PM","4N",5865.48,20.134
"PM","4N",5220.753,18.543
"PM","4N",5103.115,15.554
"PM","4N",5098.894,17.707
"PM","4N",5403.541,18.028
"PM","4N",5218.052,14.6
"PM","4N",2969.958,15.423
"PM","4N",4302.15,18.268
"PM","4N",3916.631,17.428
"PM","4N",5506.152,16.521
"PM","4N",3798.529,13.862
"PM","4N",6596.062,22.476
"PM","4N",2312.61,16.234
"PM","4N",4687.796,16.318
"PM","4N",4257.492,20.033
"PM","4N",1964.383,17.88
"PM","4N",933.883,19.847
"PM","4N",1823.488,18.821
"PM","4N",4258.949,18.467
"PM","4N",5173.563,18.437
"PM","4N",2835.965,20.695
"PM","4N",4543.524,22.405
"PM","4N",4309.262,16.774
"PM","4N",6498.579,17.665
"PM","4N",5394.17,17.893
"PM","4N",6687.276,18.256
"PM","4N",4638.875,17.58
"PM","4N",6502.167,19.8
"PM","4N",5874.956,18.939
"PM","4N",6877.303,19.167
"PM","4N",4474.048,17.905
"PM","4N",1947.14,13.638
"PM","4N",8079.384,16.141
"PM","4N",5981.387,22.084
"PM","4N",5476.753,23.143
"PM","4N",7814.161,14.672
"PM","4N",2789.049,16.403
"PM","4N",2866.229,18.572
"PM","4N",4511.15,16.517
"PM","4N",8067.375,19.661
"PM","4N",6395.926,19.104
"PM","4N",426.969,8.054
"PM","4N",7181.527,24.891
"PM","4N",2576.314,21.134
"PM","4N",6325.816,18.243
"PM","4N",5482.789,15.862
"PM","4N",5144.059,19.252
"PM","4N",591.332,14.647
"PM","4N",8243.135,14.621
"PM","4N",6269.889,17.331
"PM","4N",8378.628,21.413
"PM","4N",4983.304,19.184
"PM","4N",5070.403,17.424
"PM","4N",792.756,22.32
"PM","4N",3953.226,23.042
"PM","4N",10194.286,15.71
"PM","4N",2019.107,13.178
"PM","4N",439.379,15.871
"PM","4N",5320.979,15.841
"PM","4N",5826.943,20.315
"PM","4N",4492.198,18.492
"PM","4N",1797.002,14.946
"PM","4N",2564.157,14.946
"PM","4N",9554.138,20.087
"PM","4N",900.39,19.539
"PM","4N",4463.369,19.446
"PM","4N",2010.286,16.36
"PM","4N",6602.752,16.28
"PM","4N",1412.791,18.973
"PM","4N",869.957,16.993
"PM","4N",5835.638,18.336
"PM","4N",4831.118,19.319
"PM","4N",3890.798,18.146
"PM","4N",4952.744,17.175
"PM","4N",5705.38,19.345
"PM","4N",5068.061,14.849
"PM","4N",7596.551,19.893
"PM","4N",3823.453,15.904
"PM","4N",3540.186,18.627
"PM","4N",2639.986,15.411
"PM","4N",4141.459,16.348
"PM","4N",2180.031,19.8
"PM","4N",7107.449,18.112
"PM","4N",5643.353,18.218
"PM","4N",2117.624,15.769
"PM","4N",6516.054,17.842
"PM","4N",2169.668,12.857
"PM","4N",4649.132,15.242
"PM","4N",7692.387,18.956
"PM","4N",934.875,11.194
"PM","4N",4175.606,17.293
"PM","4N",4627.31,16.829
"PM","4N",7573.504,17.382
"PM","4N",7391.498,17.867
"PM","4N",3067.04,16.504
"PM","4N",4759.257,17.171
"PM","4N",2936.423,23.148
"PM","4N",4557.728,15.748
"PM","4N",5127.365,16.36
"PM","4N",4780.572,14.545
"PM","4N",5027.202,12.925
"PM","4N",3640.032,14.609
"PM","4N",3982.625,14.174
"PM","4N",4820.65,18.762
"PM","4N",4524.826,21.003
"PM","4N",6267.82,18.619
"PM","4N",7679.746,14.516
"PM","4N",2353.406,21.493
"PM","4N",7961.472,17.817
"PM","4N",2491.599,15.862
"PM","4N",3000.666,23.755
"PM","4N",4215.241,17.285
"PM","4N",4419.851,19.872
"PM","4N",5182.68,22.569
"PM","4N",3803.509,17.504
"PM","4N",8869.101,21.358
"PM","4N",4468.371,16.035
"PM","4N",6516.539,20.775
"PM","4N",4521.512,20.594
"PM","4N",7632.049,17.086
"PM","4N",4140.72,19.67
"PM","4N",4832.891,17.302
"PM","4N",6310.557,20.29
"PM","4N",6376.151,18.12
"PM","4N",5575.164,19.64
"PM","4N",5594.834,25.6
"PM","4N",3126.83,14.566
"PM","4N",4132.067,17.973
"PM","4N",4645.376,18.547
"PM","4N",6001.078,16.968
"PM","4N",4874.383,16.58
"PM","4N",7591.612,16.639
"PM","4N",6954.926,16.082
"PM","4N",2687.81,17.086
"PM","4N",5101.976,14.976
"PM","4N",7835.456,19.8
"PM","4N",11303.759,13.376
"PM","4N",5255.66,15.119
"PM","4N",7607.166,14.267
"PM","4N",2627.471,17.985
"PM","4N",4448.828,20.054
"PM","4N",6617.989,15.812
"PM","4N",6378.536,13.992
"PM","4N",5776.376,19.737
"PM","4N",3469.422,14.44
"PM","4N",7856.518,18.315
"PM","4N",6796.894,17.884
"PM","4N",4193.039,16.339
"PM","4N",7810.785,19.868
"PM","4N",4504.544,18.872
"PM","4N",6573.754,17.454
"PM","4N",5189.159,20.303
"PM","4N",5440.896,15.736
"PM","4N",6601.106,19.167
"PM","4N",7458.906,24.334
"PM","4N",4116.429,11.582
"PM","4N",1814.983,20.733
"PM","4N",4672.495,14.951
"PM","4N",3709.72,14.87
"PM","4N",6507.717,19.332
"PM","4N",2660.374,14.778
"PM","4N",4474.808,13.735
"PM","4N",2071.468,16.031
"PM","4N",4903.064,18.023
"PM","4N",4105.433,16.833
"PA","2N",1046.582,8.856
"PA","2N",1097.719,7.112
"PA","2N",659.332,8.201
"PA","2N",1569.556,8.062
"PA","2N",1296.567,8.763
"PA","2N",1357.961,10.164
"PA","2N",923.837,8.708
"PA","2N",1265.311,9.151
"PA","2N",936.5,8.054
"PA","2N",1213.119,7.716
"PA","2N",693.458,7.268
"PA","2N",1423.617,7.235
"PA","2N",1273.056,7.513
"PA","2N",763.23,9.4
"PA","2N",375.157,6.412
"PA","2N",134.521,7.691
"PA","2N",922.55,8.104
"PA","2N",799.784,7.826
"PA","2N",342.381,8.678
"PA","2N",946.841,8.079
"PA","2N",1302.265,9.995
"PA","2N",1600.411,9.759
"PA","2N",1351.861,8.957
"PA","2N",1050.697,6.998
"PA","2N",1316.152,7.433
"PA","2N",998.505,7.712
"PA","2N",629.089,8.011
"PA","2N",1395.231,10.084
"PA","2N",565.5,8.936
"PA","2N",2040.402,10.379
"PA","2N",1517.491,7.408
"PA","2N",971.998,7.526
"PA","2N",1557.864,7.956
"PA","2N",394.763,7.94
"PA","2N",1388.921,9.219
"PA","2N",1115.552,9.366
"PA","2N",1718.576,7.885
"PA","2N",1604.4,9.383
"PA","2N",689.258,7.729
"PA","2N",1779.295,9.109
"PA","2N",1538.933,8.526
"PA","2N",242.831,4.943
"PA","2N",857.125,7.273
"PA","2N",1583.57,10.493
"PA","2N",2292.054,11.798
"PA","2N",1570.823,7.475
"PA","2N",1483.723,8.932
"PA","2N",1864.642,9.024
"PA","2N",214.825,5.736
"PA","2N",1737.064,9.788
"PA","2N",1087.842,8.695
"PA","2N",1378.749,9.919
"PA","2N",774.015,11.494
"PA","2N",864.343,10.033
"PA","2N",1038.224,8.4
"PA","2N",1018.196,8.332
"PA","2N",1172.113,9.121
"PA","2N",830.343,7.847
"PA","2N",1325.987,10.075
"PA","2N",1437.082,8.26
"PA","2N",1374.823,8.159
"PA","2N",3167.076,8.328
"PA","2N",867.15,9.586
"PA","2N",1924.875,8.319
"PA","2N",1420.072,10.384
"PA","2N",941.333,8.357
"PA","2N",220.354,10.569
"PA","2N",1364.798,7.94
"PA","2N",1564.449,10.86
"PA","2N",602.159,5.226
"PA","2N",684.32,8.847
"PA","2N",477.43,9.898
"PA","2N",1102.488,8.818
"PA","2N",1027.904,8.953
"PA","2N",780.747,9.307
"PA","2N",2093.945,11.477
"PA","2N",349.114,8.611
"PA","2N",1537.097,7.277
"PA","2N",663.342,9.565
"PA","2N",1353.655,9.02
"PA","2N",1781.912,7.492
"PA","2N",1358.024,8.535
"PA","2N",1285.381,7.171
"PA","2N",595.195,7.028
"PA","2N",1323.011,8.197
"PA","2N",1282.596,7.391
"PA","2N",1179.098,7.859
"PA","2N",102.949,8.885
"PA","2N",1359.121,8.087
"PA","2N",1634.495,10.409
"PA","2N",553.956,8.91
"PA","2N",1713.617,8.712
"PA","2N",71.988,4.787
"PA","2N",1294.731,7.665
"PA","2N",567.442,8.535
"PA","2N",477.599,8.421
"PA","2N",1488.409,7.112
"PA","2N",1364.018,7.906
"PA","2N",249.626,10.654
"PA","2N",1110.381,8.379
"PA","2N",1196.847,6.635
"PA","2N",443.093,8.138
"PA","2N",683.265,7.897
"PA","2N",1276.855,9.894
"PA","2N",932.448,7.699
"PA","2N",2244.527,8.826
"PA","2N",1448.12,8.438
"PA","2N",958.027,6.108
"PA","2N",1352.917,9.527
"PA","2N",801.535,8.248
"PA","2N",678.685,8.488
"PA","2N",1429.083,9.67
"PA","2N",1374.844,8.754
"PA","2N",1308.407,8.999
"PA","2N",914.572,10.058
"PA","2N",1059.646,7.408
"PA","2N",2023.223,8.619
"PA","2N",703.398,9.13
"PA","2N",384.717,8.311
"PA","2N",234.347,10.109
"PA","2N",1413.951,11.236
"PA","2N",789.653,8.425
"PA","2N",1200.562,9.257
"PA","2N",1679.765,8.277
"PA","2N",1426.15,8.248
"PA","2N",1066.125,9.869
"PA","2N",1040.651,9.299
"PA","2N",1463.378,11.321
"PA","2N",1067.159,9.48
"PA","2N",1457.554,8.598
"PA","2N",806.474,8.155
"PA","2N",1307.563,8.543
"PA","2N",533.484,8.163
"PA","2N",1037.064,6.277
"PA","2N",870.442,7.146
"PA","2N",832.01,8.357
"PA","2N",559.169,7.197
"PA","2N",2126.488,9.341
"PA","2N",448.285,7.893
"PA","2N",1563.499,9.126
"PA","2N",644.411,8.189
"PA","2N",1230.256,9.607
"PA","2N",1467.663,8.349
"PA","2N",573.605,7.391
"PA","2N",1015.389,7.032
"PA","2N",1661.678,9.662
"PA","2N",1684.366,10.426
"PA","2N",2029.491,8.67
"PA","2N",2603.032,8.577
"PA","2N",661.337,7.859
"PA","2N",1760.195,10.514
"PA","2N",864.554,7.011
"PA","2N",1419.08,8.429
"PA","2N",1168.293,7.792
"PA","2N",1186.548,10.215
"PA","2N",264.4,7.615
"PA","2N",1302.497,12.967
"PA","2N",1027.672,9.147
"PA","2N",585.951,7.353
"PA","2N",1008.108,9.383
"PA","2N",979.047,8.514
"PA","2N",826.692,8.936
"PA","2N",1699.181,8.079
"PA","2N",1323.201,8.712
"PA","2N",672.543,9.565
"PA","2N",1541.487,8.948
"PA","2N",1037.401,8.349
"PA","2N",1530.048,7.627
"PA","2N",684.404,7.94
"PA","2N",831.124,8.345
"PA","2N",1683.332,8.366
"PA","2N",1530.428,8.488
"PA","2N",1420.641,9.548
"PA","2N",1028.284,10.451
"PA","2N",1346.247,8.336
"PA","2N",1054.433,6.61
"PA","2N",1361.823,8.467
"PA","2N",1670.226,13.836
"PA","2N",1413.867,8.796
"PA","2N",894.966,8.142
"PA","2N",1241.885,10.067
"PA","2N",459.892,7.978
"PA","2N",1818.191,8.953
"PA","2N",1331.369,8.269
"PA","2N",2904.175,10.51
"PA","2N",628.603,9.666
"PA","2N",780.663,8.184
"PA","2N",743.962,8.151
"PA","2N",2104.666,11.152
"PA","2N",1551.216,8.818
"PA","2N",1531.8,9.565
"PA","2N",1093.962,8.754
"PA","2N",1319.698,8.455
"PA","2N",620.605,8.742
"PA","2N",1076.107,7.589
"PA","2N",553.513,8.991
"PA","2N",382.375,8.239
"PA","2N",430.008,6.103
"PA","2N",50.166,5.466
"PA","2N",106.431,9.265
"PA","2N",211.722,5.31
"PA","2N",520.948,8.729
"PA","2N",395.418,8.024
"PA","2N",1494.044,9.784
"PA","2N",1207.357,9.113
"PA","2N",1216.833,9.404
"PA","2N",406.498,7.201
"PA","2N",1262.694,8.763
"PA","2N",333.75,7.653
"PA","2N",1248.047,12.296
"PA","2N",2757.455,9.332
"PA","2N",1246.76,7.214
"PA","2N",835.134,7.973
"PA","2N",1155.841,8.037
"PA","2N",1446.263,8.024
"PA","2N",656.504,6.914
"PA","2N",639.937,8.417
"PA","2N",582.848,8.336
"PA","2N",331.703,6.644
"PA","2N",675.793,7.302
"PA","2N",1148.855,7.775
"PA","2N",373.279,6.247
"PA","2N",860.797,8.75
"PA","2N",843.386,8.438
"PA","2N",1100.884,7.37
"PA","2N",1501.557,8.248
"PA","2N",879.728,8.281
"PA","2N",846.889,7.961
"PA","2N",787.944,8.184
"PA","2N",748.478,7.049
"PA","2N",1364.186,7.686
"PA","2N",836.822,8.488
"PA","2N",1653.025,11.439
"PA","2N",435.77,6.454
"PA","2N",1064.246,8.383
"PA","2N",1428.809,7.716
"PA","2N",838.701,10.78
"PA","2N",375.516,6.374
"PA","2N",1322.589,8.357
"PA","2N",1189.102,7.999
"PA","2N",561.49,7.986
"PA","2N",687.633,9.105
"PA","2N",828.549,8.222
"PA","2N",1126.653,9.733
"PA","2N",585.529,6.45
"PA","2N",1697.345,11.223
"PA","2N",1631.076,10.278
"PA","2N",1460.403,7.999
"PA","2N",1414.901,9.307
"PA","2N",1582.282,9.915
"PA","2N",1242.032,8.716
"PA","2N",1144.001,7.593
"PA","2N",1455.084,8.957
"PA","2N",1384.595,8.269
"PA","2N",105.735,7.484
"PA","2N",1755.868,9.349
"PA","2N",1307.14,8.172
"PA","2N",976.451,8.1
"PA","2N",1700.426,9.117
"PA","2N",1856.179,10.147
"PA","2N",432.076,7.805
"PA","2N",954.882,7.703
"PA","2N",1261.364,8.408
"PA","2N",1449.112,9.383
"PA","2N",1325.058,8.446
"PA","2N",698.354,8.066
"PA","2N",681.344,7.577
"PA","2N",1585.469,8.488
"PA","2N",1760.765,9.679
"PA","2N",1201.786,9.51
"PA","2N",1669.318,11.278
"PA","2N",1188.469,8.21
"PA","2N",1005.301,7.64
"PA","2N",1256.953,7.408
"PA","2N",1666.786,8.881
"PA","2N",1391.369,9.126
"PA","2N",855.627,7.982
"PA","2N",392.167,7.024
"PA","2N",1049.959,8.18
"PA","2N",1092.189,7.999
"PA","2N",80.683,8.547
"PA","2N",1331.516,8.514
"PA","2N",608.491,8.286
"PA","2N",1339.726,8.619
"PA","2N",1760.406,8.433
"PA","2N",408.355,6.196
"PA","2N",314.777,9.603
"PA","2N",705.783,7.319
"PA","2N",1245.641,9.016
"PA","2N",1047.088,8.024
"PA","2N",142.267,3.812
"PA","2N",1094.574,8.028
"PA","2N",678.432,9.016
"PA","2N",1144.043,8.125
"PA","2N",907.122,9.793
"PA","2N",964.928,9.299
"PA","2N",1452.404,8.121
"PA","2N",1333.416,10.806
"PA","2N",1107.617,7.994
"PA","2N",709.181,9.324
"PA","2N",1960.373,9.105
"PA","2N",1100.188,8.045
"PA","2N",895.071,7.661
"PA","2N",1080.624,9.978
"PA","2N",1299.859,9.472
"PA","2N",1654.524,8.856
"PA","2N",329.571,6.597
"PA","2N",785.897,9.455
"PA","2N",857.231,6.669
"PA","2N",89.188,6.369
"PA","2N",1665.857,10.633
"PA","2N",249.753,5.458
"PA","2N",722.625,7.357
"PA","2N",1093.287,8.628
"PA","2N",367.876,6.884
"PA","2N",588.103,7.475
"PA","2N",1046.139,6.226
"PA","2N",1204.382,9.362
"PA","2N",704.876,6.602
"PA","2N",403.29,8.894
"PA","2N",461.285,10.303
"PA","2N",662.772,8.695
"PA","2N",1617.295,7.176
"PA","2N",1786.449,7.509
"PA","2N",240.657,5.453
"PA","2N",1020.771,8.674
"PA","2N",449.614,6.53
"PA","2N",1566.285,9.332
"PA","2N",909.444,8.227
"PA","2N",1821.124,9.856
"PA","2N",424.078,8.303
"PA","2N",436.255,9.113
"PA","2N",1562.803,7.344
"PA","2N",808.88,8.733
"PA","2N",1306.338,9.801
"PA","2N",1506.559,9.058
"PA","2N",749.913,10.396
"PA","2N",730.244,9.324
"PA","2N",866.495,7.589
"PA","2N",2044.623,10.966
"PA","2N",1069.375,7.53
"PA","2N",979.469,9.337
"PA","2N",1136.973,9.733
"PA","2N",1737.233,8.602
"PA","2N",479.583,8.788
"PA","2N",1223.355,8.442
"PA","2N",1438.749,7.606
"PA","2N",843.512,7.589
"PA","2N",1433.895,8.265
"PA","2N",637.594,9.193
"PA","2N",1117.072,9.375
"PA","2N",1220.506,8.442
"PA","2N",1394.619,9.181
"PA","2N",583.059,7.775
"PA","2N",1187.667,8.847
"PA","2N",1613.18,9.877
"PA","2N",561.786,6.998
"PA","2N",1602.817,9.632
"PA","2N",608.258,6.876
"PA","2N",1377.398,8.121
"PA","2N",1224.537,8.256
"PA","2N",414.201,7.758
"PA","2N",1932.325,9.999
"PA","2N",1000.278,9.337
"PA","2N",1155.714,9.231
"PA","2N",1292.135,8.079
"PA","2N",128.612,5.939
"PA","2N",1540.938,7.847
"PA","2N",429.966,8.311
"PA","2N",850.372,10.029
"PA","2N",446.301,7.754
"PA","2N",1064.985,8.155
"PA","2N",995.171,8.678
"PA","2N",1379.572,9.835
"PA","2N",1540.854,8.725
"PA","2N",812.911,7.636
"PA","2N",1894.653,9.43
"PA","2N",1182.749,8.054
"PA","2N",2164.054,10.362
"PA","2N",1229.855,8.83
"PA","2N",1379.973,7.809
"PA","2N",921.389,7.446
"PA","2N",1557.738,7.889
"PA","2N",297.618,6.087
"PA","2N",498.915,6.407
"PA","2N",1362.836,7.615
"PA","2N",664.334,6.652
"PA","2N",1031.787,8.353
"PA","2N",766.755,7.796
"PA","2N",1780.688,8.733
"PA","2N",990.507,9.235
"PA","2N",734.085,7.382
"PA","2N",1609.634,9.176
"PA","2N",1965.164,8.708
"PA","2N",689.469,8.07
"PA","2N",1306.381,10.075
"PA","2N",1817.705,9.354
"PA","2N",1033.75,9.121
"PA","2N",1701.292,9.033
"PA","2N",1369.842,9.366
"PA","2N",776.653,8.092
"PA","2N",887.579,7.361
"PA","2N",1416.484,8.936
"PA","2N",1224.874,7.94
"PA","2N",477.958,7.539
"PA","2N",272.989,7.142
"PA","2N",1358.889,7.821
"PA","2N",1479.925,9.024
"PA","2N",1024.527,7.484
"PA","2N",1090.86,8.725
"PA","2N",656.229,9.784
"PA","2N",1299.564,8.564
"PA","2N",2090.821,9.32
"PA","2N",499.633,10.417
"PA","2N",721.169,6.576
"PA","2N",388.326,7.914
"PA","2N",865.419,8.509
"PA","2N",1481.423,7.315
"PA","2N",2342.073,11.532
"PA","2N",1456.646,9.645
"PA","2N",801.894,9.067
"PA","2N",1052.787,7.395
"PA","2N",326.469,9.666
"PA","2N",1461.437,8.26
"PA","2N",1058.464,7.716
"PA","2N",1704.901,9.316
"PA","2N",1051.098,8.214
"PA","2N",687.654,8.615
"PA","2N",619.254,6.99
"PA","2N",1583.823,9.919
"PA","2N",2013.683,8.868
"PA","2N",399.301,8.366
"PA","2N",1141.004,8.108
"PA","2N",555.581,8.611
"PA","2N",747.148,8.729
"PA","2N",1723.431,8.539
"PA","2N",416.944,8.003
"PA","2N",1327.422,11.439
"PA","2N",1637.45,7.028
"PA","2N",1326.768,8.991
"PA","2N",1468.275,8.159
"PA","2N",1573.629,8.754
"PA","2N",1749.727,8.649
"PA","2N",953.51,8.995
"PA","2N",856.745,8.518
"PA","2N",1124.922,7.805
"PA","2N",2008.555,9.311
"PA","2N",1524.878,7.37
"PA","2N",656.652,7.007
"PA","2N",1064.12,7.146
"PA","2N",911.512,8.455
"PA","2N",897.329,9.493
"PA","2N",1536.253,8.336
"PA","2N",1810.361,9.151
"PA","2N",2201.557,7.104
"PA","2N",1672.294,9.438
"PA","2N",1233.696,9.092
"PA","2N",1184.248,8.543
"PA","2N",1406.987,8.083
"PA","2N",962.881,8.45
"PA","2N",946.292,8.02
"PA","4N",2370.986,13.338
"PA","4N",2397.05,15.309
"PA","4N",2172.686,13.49
"PA","4N",1504.364,17.703
"PA","4N",2806.355,13.959
"PA","4N",2735.886,15.107
"PA","4N",2305.034,14.17
"PA","4N",2045.298,11.586
"PA","4N",2116.442,14.406
"PA","4N",2468.215,13.034
"PA","4N",1587.284,14.22
"PA","4N",2548.519,13.613
"PA","4N",3038.612,14.803
"PA","4N",1975.02,13.397
"PA","4N",552.88,11.7
"PA","4N",1425.833,13.414
"PA","4N",2039.452,10.641
"PA","4N",1889.356,12.435
"PA","4N",2012.734,14.191
"PA","4N",156.512,5.821
"PA","4N",2335.129,14.402
"PA","4N",2093.523,13.465
"PA","4N",900.495,12.199
"PA","4N",2066.551,14.182
"PA","4N",2030.124,14.267
"PA","4N",2109.267,13.76
"PA","4N",2152.151,14.689
"PA","4N",1477.687,12.684
"PA","4N",3991.468,14.693
"PA","4N",446.786,9.793
"PA","4N",3574.946,12.291
"PA","4N",1169.622,16.069
"PA","4N",1490.582,11.388
"PA","4N",1315.983,11.481
"PA","4N",1484.188,13.891
"PA","4N",1853.815,13.376
"PA","4N",2754.923,11.688
"PA","4N",2191.322,11.814
"PA","4N",1341.098,13.152
"PA","4N",1239.711,11.363
"PA","4N",430.641,9.223
"PA","4N",2903.753,14.697
"PA","4N",2261.98,14.309
"PA","4N",3100.449,14.44
"PA","4N",379.04,14.967
"PA","4N",906.215,15.318
"PA","4N",1743.1,13.123
"PA","4N",1991.334,13.954
"PA","4N",3767.547,12.321
"PA","4N",1330.672,12.22
"PA","4N",3096.017,10.455
"PA","4N",1993.634,10.286
"PA","4N",1803.27,13.279
"PA","4N",3231.171,13.693
"PA","4N",1867.723,15.145
"PA","4N",2997.226,11.506
"PA","4N",1358.678,11.865
"PA","4N",2141.81,13.452
"PA","4N",1428.577,12.861
"PA","4N",3990.37,14.972
"PA","4N",1530.491,11.375
"PA","4N",2803.611,11.996
"PA","4N",2321.158,16.175
"PA","4N",3109.861,13.174
"PA","4N",2397.092,13.047
"PA","4N",1942.075,13.726
"PA","4N",963.788,15.406
"PA","4N",467.828,14.03
"PA","4N",2607.738,12.456
"PA","4N",1041.707,12.46
"PA","4N",1520.762,11.181
"PA","4N",2704.081,14.064
"PA","4N",1965.586,12.194
"PA","4N",1785.753,13.515
"PA","4N",199.271,7.8
"PA","4N",1051.162,12.342
"PA","4N",2775.901,11.527
"PA","4N",735.921,11.823
"PA","4N",3614.095,13.629
"PA","4N",2496.179,9.945
"PA","4N",1541.677,16.111
"PA","4N",1395.696,13.469
"PA","4N",1297.981,11.848
"PA","4N",2607.907,14.246
"PA","4N",1698.865,10.531
"PA","4N",2061.443,12.912
"PA","4N",1613.855,13.368
"PA","4N",3062.861,16.972
"PA","4N",2044.243,10.54
"PA","4N",1531.673,9.514
"PA","4N",1198.24,14.174
"PA","4N",2538.832,15.229
"PA","4N",2084.3,10.417
"PA","4N",798.771,15.613
"PA","4N",655.237,11.949
"PA","4N",1286.901,15.343
"PA","4N",3058.155,13.017
"PA","4N",944.182,10.641
"PA","4N",4951.267,10.958
"PA","4N",864.638,8.674
"PA","4N",3578.006,12.811
"PA","4N",2078.96,12.304
"PA","4N",2017.693,13.95
"PA","4N",1724.127,12.975
"PA","4N",672.691,12.878
"PA","4N",2802.661,13.482
"PA","4N",153.389,4.348
"PA","4N",2342.073,14.486
"PA","4N",2889.233,13.047
"PA","4N",1566.813,11.101
"PA","4N",1493.221,13.499
"PA","4N",2693.909,12.612
"PA","4N",2544.488,11.164
"PA","4N",1303.067,11.232
"PA","4N",2477.67,13.363
"PA","4N",1179.52,12.11
"PA","4N",2552.803,13.186
"PA","4N",1641.059,10.839
"PA","4N",1931.438,13.245
"PA","4N",1312.902,14.22
"PA","4N",2721.936,14.398
"PA","4N",1226.288,11.494
"PA","4N",1408.844,12.984
"PA","4N",822.534,12.232
"PA","4N",1955.751,12.557
"PA","4N",503.389,9.607
"PA","4N",2035.653,13.562
"PA","4N",1863.101,13.891
"PA","4N",2082.632,12.785
"PA","4N",1512.679,11.055
"PA","4N",2027.317,13.507
"PA","4N",221.958,14.127
"PA","4N",4446.569,13.798
"PA","4N",2732.172,13.617
"PA","4N",1622.022,11.658
"PA","4N",2097.511,15.027
"PA","4N",2146.263,14.026
"PA","4N",2610.229,11.253
"PA","4N",3186.492,12.245
"PA","4N",1648.277,13.676
"PA","4N",1564.787,14.132
"PA","4N",3604.977,15.212
"PA","4N",2398.401,14.938
"PA","4N",1939.226,12.692
"PA","4N",1270.418,10.519
"PA","4N",2364.866,14.094
"PA","4N",2456.439,11.164
"PA","4N",2007.479,11.595
"PA","4N",1371.024,12.958
"PA","4N",2482.102,11.667
"PA","4N",1554.91,13.824
"PA","4N",1727.145,16.571
"PA","4N",2102.281,12.363
"PA","4N",2028.288,12.106
"PA","4N",1557.569,12.443
"PA","4N",2227.179,12.35
"PA","4N",1022.311,14.33
"PA","4N",360.827,7.64
"PA","4N",1415.365,15.432
"PA","4N",2373.413,11.19
"PA","4N",1739.681,12.384
"PA","4N",2826.531,13.57
"PA","4N",2283.676,15.491
"PA","4N",1776.635,13.051
"PA","4N",1689.431,11.27
"PA","4N",1981.351,15.018
"PA","4N",1338.755,10.206
"PA","4N",2238.681,12.498
"PA","4N",1482.732,14.71
"PA","4N",1750.909,11.207
"PA","4N",3643.198,12.671
"PA","4N",248.93,10.421
"PA","4N",674.19,11.063
"PA","4N",1540.516,10.814
"PA","4N",2213.439,12.507
"PA","4N",1973.184,15.951
"PA","4N",657.327,12.393
"PA","4N",2491.135,12.562
"PA","4N",2001.316,16.137
"PA","4N",552.88,10.291
"PA","4N",1520.804,11.966
"PA","4N",2217.428,8.455
"PA","4N",1986.585,11.426
"PA","4N",1619.722,13.423
"PA","4N",2932.033,14.853
"PA","4N",2511.839,13.802
"PA","4N",610.137,11.616
"PA","4N",2301.066,13.431
"PA","4N",2014.675,14.094
"PA","4N",1450.188,16.187
"PA","4N",2814.628,12.452
"PA","4N",1288.421,12.633
"PA","4N",4009.343,12.794
"PA","4N",3392.58,14.246
"PA","4N",1444.574,11.038
"PA","4N",2012.48,12.553
"PA","4N",2106.544,13.452
"PA","4N",2034.64,10.86
"PA","4N",2382.509,11.093
"PA","4N",1923.862,12.393
"PA","4N",5325.179,12.038
"PA","4N",2115.092,15.352
"PA","4N",942.916,14.452
"PA","4N",519.851,10.751
"PA","4N",2898.392,13.815
"PA","4N",1112.956,11.751
"PA","4N",652.051,10.784
"PA","4N",2419.062,10.725
"PA","4N",1869.728,14.144
"PA","4N",1810.994,13.832
"PA","4N",3431.412,12.781
"PA","4N",1111.036,14.115
"PA","4N",1454.325,14.423
"PA","4N",2083.287,13.579
"PA","4N",696.582,16.069
"PA","4N",1753.674,13.988
"PA","4N",2345.829,14.241
"PA","4N",2145.482,15.288
"PA","4N",2983.719,12.903
"PA","4N",581.244,10.561
"PA","4N",435.348,10.08
"PA","4N",2697.834,12.633
"PA","4N",208.156,7.754
"PA","4N",1191.276,11.46
"PA","4N",1681.918,11.62
"PA","4N",5521.031,15.888
"PA","4N",1493.875,14.908
"PA","4N",760.677,11.316
"PA","4N",2021.302,10.844
"PA","4N",2442.679,10.772
"PA","4N",768.105,14.837
"PA","4N",1163.46,10.768
"PA","4N",2157.385,13.773
"PA","4N",2442.573,11.831
"PA","4N",2303.177,10.476
"PA","4N",2076.027,13.258
"PA","4N",2898.688,12.507
"PA","4N",3118.831,16.305
"PA","4N",3880.352,12.452
"PA","4N",2518.74,12.156
"PA","4N",986.539,20.434
"PA","4N",1238.149,11.384
"PA","4N",1729.171,13.942
"PA","4N",2346.969,16.251
"PA","4N",3421.282,11.7
"PA","4N",2652.966,11.135
"PA","4N",753.142,12.688
"PA","4N",1875.638,11.24
"PA","4N",705.678,9.214
"PA","4N",1162.067,8.096
"PA","4N",1500.227,9.354
"PA","4N",2999.083,11.232
"PA","4N",2012.818,15.352
"PA","4N",2770.793,13.532
"PA","4N",2209.472,10.932
"PA","4N",1761.313,13.722
"PA","4N",2226.651,13.165
"PA","4N",1316.384,15.043
"PA","4N",2337.746,13.777
"PA","4N",1111.943,10.683
"PA","4N",1268.181,11.359
"PA","4N",3018.942,13.047
"PA","4N",2643.448,13.689
"PA","4N",2318.288,10.738
"PA","4N",2093.058,14.165
"PA","4N",1575.951,10.544
"PA","4N",836.358,12.224
"PA","4N",2677.679,12.287
"PA","4N",2248.136,13.591
"PA","4N",249.711,8.746
"PA","4N",2749.456,13.651
"PA","4N",2272.3,13.347
"PA","4N",3273.486,12.764
"PA","4N",1638.252,13.233
"PA","4N",2544.277,13.098
"PA","4N",1595.114,12.38
"PA","4N",3079.091,11.295
"PA","4N",1103.227,12.426
"PA","4N",1253.155,10.873
"PA","4N",2235.789,12.975
"PA","4N",2120.726,11.709
"PA","4N",2641.675,12.713
"PA","4N",2166.819,11.283
"PA","4N",3083.797,13.026
"PA","4N",827.705,9.489
"PA","4N",1725.414,12.595
"PA","4N",2417.29,10.62
"PA","4N",2356.17,13.87
"PA","4N",1559.848,12.059
"PA","4N",914.087,9.869
"PA","4N",690.081,11.544
"PA","4N",1388.984,14.82
"PA","4N",1744.831,11.422
"PA","4N",1633.757,11.223
"PA","4N",3592.251,13.925
"PA","4N",3633.026,15.63
"PA","4N",1101.053,13.093
"PA","4N",2535.075,10.713
"PA","4N",1914.808,14.001
"PA","4N",1555.585,12.705
"PA","4N",1422.921,13.617
"PA","4N",2384.704,13.401
"PA","4N",514.026,11.945
"PA","4N",3049.797,12.118
"PA","4N",1056.058,11.755
"PA","4N",2061.676,12.502
"PA","4N",2676.645,13.794
"PA","4N",2513.886,15.533
"PA","4N",971.069,9.598
"PA","4N",2222.599,11.198
"PA","4N",3468.979,11.76
"PA","4N",1213.921,13.224
"PA","4N",1867.66,12.663
"PA","4N",822.809,9.539
"PA","4N",3383.8,15.617
"PA","4N",2479.422,13.148
"PA","4N",2867.432,13.503
"PA","4N",2030.82,10.025
"PA","4N",2175.704,11.831
"PA","4N",1505.314,13.119
"PA","4N",2593.261,16.301
"PA","4N",2358.386,12.827
"PA","4N",2639.1,16.027
"PA","4N",1579.328,9.425
"PA","4N",3218.804,9.983
"PA","4N",1571.139,13.528
"PA","4N",2177.941,13.929
"PA","4N",1347.894,10.578
"PA","4N",3131.874,12.591
"PA","4N",2266.454,14.925
"PA","4N",3230.897,12.827
"PA","4N",2276.585,13.258
"PA","4N",3478.434,11.27
"PA","4N",4634.57,11.89
"PA","4N",2188.852,14.474
"PA","4N",2910.612,12.621
"PA","4N",233.713,14.187
"PA","4N",2676.54,12.815
"PA","4N",1750.635,13.591
"PA","4N",2788.247,12.718
"PA","4N",1823.952,12.384
"PA","4N",2257.464,11.658
